{"cameraMode":{"drawMode":0,"name":"Shaded","section":"Shading Mode"},"sceneLighting":false,"audioPlay":false,"sceneViewState":{"m_AlwaysRefresh":false,"showFog":true,"showSkybox":false,"showFlares":true,"showImageEffects":true,"showParticleSystems":true,"showVisualEffectGraphs":true,"m_FxEnabled":true},"in2DMode":false,"pivot":{"x":22.257740020751954,"y":2.489703416824341,"z":-19.96544075012207},"rotation":{"x":-0.001271602581255138,"y":-0.5289809703826904,"z":0.0007957441848702729,"w":-0.848650336265564},"size":2.5975537300109865,"orthographic":false}