{"cameraMode":{"drawMode":0,"name":"Shaded","section":"Shading Mode"},"sceneLighting":true,"audioPlay":false,"sceneViewState":{"m_AlwaysRefresh":false,"showFog":true,"showSkybox":true,"showFlares":true,"showImageEffects":true,"showParticleSystems":true,"showVisualEffectGraphs":true,"m_FxEnabled":true},"in2DMode":false,"pivot":{"x":4.169025897979736,"y":2.8675713539123537,"z":-0.7375943660736084},"rotation":{"x":-0.11807232350111008,"y":0.4576737582683563,"z":0.061459288001060489,"w":0.8791553378105164},"size":1.8020063638687134,"orthographic":false}