{"cameraMode":{"drawMode":0,"name":"Shaded","section":"Shading Mode"},"sceneLighting":true,"audioPlay":false,"sceneViewState":{"m_AlwaysRefresh":false,"showFog":true,"showSkybox":true,"showFlares":true,"showImageEffects":true,"showParticleSystems":true,"showVisualEffectGraphs":true,"m_FxEnabled":true},"in2DMode":false,"pivot":{"x":19.02874755859375,"y":10.670393943786621,"z":-15.832637786865235},"rotation":{"x":-0.14351017773151399,"y":0.002100717043504119,"z":-0.0002479196118656546,"w":-0.9896987080574036},"size":0.2898945212364197,"orthographic":false}